CHR,POS,RSID,
18,668465,rs16948305,1a
19,39048163,rs2960321,1a
19,44074597,rs2854509,1a
2,85788175,rs7568458,1b
2,211341156,rs2287418,1b
5,7877178,rs326124,1b
5,7887478,rs162040,1b
5,148205741,rs12654778,1b
6,2840316,rs316344,1b
10,45872210,rs12783095,1b
11,67347595,rs7941648,1b
11,113255574,rs7107223,1b
11,120556018,rs7116106,1b
12,48295133,rs12581281,1b
12,69753365,rs2617834,1b
12,69786620,rs11177645,1b
13,48612372,rs17071168,1b
13,48618170,rs9567986,1b
15,89869733,rs2351000,1b
17,19623106,rs9910370,1b
18,55723662,rs4329992,1b
19,11242658,rs1433099,1b
19,45414451,rs439401,1b
19,45926916,rs2298881,1b
22,23623284,rs7288846,1b
4,84197582,rs7658552,1d
6,2837846,rs316338,1d
6,160113321,rs2842960,1d
7,55245364,rs9642391,1d
10,45876916,rs12774369,1d
13,95899607,rs4148436,1d
17,19623902,rs11204411,1d
18,668376,rs1051527,1d
18,677240,rs3819101,1d
18,55713929,rs7239483,1d
19,39035068,rs10500279,1d
22,23600013,rs928781,1d
22,23632513,rs16802,1d
22,23658007,rs180817,1d
22,43019632,rs137127,1d
10,104873761,rs9633712,1e
1,11843167,rs4845882,1f
1,11851003,rs3818762,1f
1,11852300,rs1476413,1f
1,11854476,rs1801131,1f
1,11854671,rs12121543,1f
1,11854755,rs1994798,1f
1,11857951,rs4846052,1f
1,115259599,rs8453,1f
1,155201064,rs3768566,1f
1,155213124,rs11264345,1f
1,155279482,rs2297480,1f
1,155289545,rs11264361,1f
1,169539283,rs9332542,1f
1,169540080,rs2227245,1f
1,169543750,rs2213872,1f
1,169543777,rs2213873,1f
1,169544043,rs6662176,1f
1,173885712,rs2227592,1f
1,173886216,rs2227589,1f
1,201071884,rs10920115,1f
1,201085996,rs10494826,1f
1,226036309,rs360063,1f
2,29538411,rs4666200,1f
2,85774676,rs6547621,1f
2,211340655,rs2287420,1f
2,211341349,rs10932334,1f
2,211342138,rs3755182,1f
2,216195171,rs1880586,1f
2,216195281,rs1983462,1f
2,234655144,rs4663968,1f
3,38619348,rs7428882,1f
3,93597667,rs12488200,1f
3,93638017,rs7428007,1f
4,2856235,rs6600769,1f
4,2862190,rs10026792,1f
4,2870745,rs17833250,1f
4,2912063,rs762847,1f
4,2916931,rs16843589,1f
4,20791198,rs923673,1f
4,55522488,rs6554199,1f
4,55524304,rs999020,1f
4,55525833,rs2237038,1f
4,55526962,rs981959,1f
4,84189869,rs4693596,1f
4,84189914,rs4693597,1f
5,7876611,rs326122,1f
5,7876861,rs326123,1f
5,7889216,rs2287779,1f
5,7902525,rs13166314,1f
6,2834416,rs1262184,1f
6,2836600,rs2293771,1f
6,3957629,rs4959265,1f
6,31234381,rs9264532,1f
6,32606756,rs9272535,1f
6,32608077,rs17426593,1f
6,32609181,rs1129765,1f
6,35614026,rs4713902,1f
6,39293898,rs6458110,1f
6,39293929,rs6910127,1f
6,39409237,rs2026670,1f
6,160100302,rs7855,1f
6,160100640,rs8031,1f
6,160135577,rs9355747,1f
6,160141592,rs2842966,1f
6,160154099,rs2758313,1f
6,160159425,rs9364534,1f
6,160159503,rs12204454,1f
6,160161628,rs6899987,1f
6,160174456,rs1440,1f
6,160181102,rs2146162,1f
6,160182096,rs927450,1f
6,160556642,rs3777392,1f
7,55238268,rs10228436,1f
7,55239979,rs2241054,1f
7,55242609,rs2017000,1f
7,55245507,rs845552,1f
7,65551384,rs12530898,1f
7,140507937,rs17695935,1f
7,150657209,rs6947240,1f
9,75544391,rs2017362,1f
9,125140696,rs2282169,1f
9,125154910,rs10306183,1f
9,125155313,rs10306187,1f
9,125155685,rs10306188,1f
9,125159521,rs10306202,1f
9,133595219,rs4740359,1f
9,133636808,rs4740203,1f
9,133638943,rs2855171,1f
10,45874660,rs3780894,1f
10,45875066,rs3780897,1f
10,45875409,rs17157736,1f
10,45875793,rs7077891,1f
10,45875980,rs3824613,1f
10,45877441,rs3780898,1f
10,104846178,rs11191548,1f
10,104856162,rs12412038,1f
10,104864614,rs11191557,1f
10,104864678,rs11191558,1f
10,104871204,rs12413046,1f
10,104871279,rs10883832,1f
10,104906211,rs11191580,1f
10,104909890,rs1163249,1f
10,104913653,rs11191582,1f
10,104915310,rs2148198,1f
10,104943993,rs1163238,1f
10,104947493,rs10883843,1f
10,104953547,rs10748839,1f
10,114715689,rs2094405,1f
10,114715930,rs10885398,1f
10,135351174,rs2070677,1f
11,7686674,rs13854,1f
11,7692051,rs12577557,1f
11,7696338,rs12292013,1f
11,7697083,rs6578894,1f
11,67346743,rs7927381,1f
11,67347287,rs614080,1f
11,67347417,rs7941395,1f
11,67348529,rs2370141,1f
11,67349899,rs6591256,1f
11,67352256,rs762803,1f
11,108212692,rs227073,1f
11,108235115,rs3092993,1f
11,108251363,rs573890,1f
11,108338340,rs4753840,1f
11,113256152,rs10891544,1f
11,113256508,rs877138,1f
11,113259947,rs17600713,1f
11,113264644,rs4938015,1f
11,113278764,rs1554929,1f
11,113285916,rs12363125,1f
11,113298339,rs2471857,1f
12,6954624,rs2301339,1f
12,48255411,rs2239182,1f
12,48298295,rs11574012,1f
12,69753420,rs2617835,1f
12,69777615,rs10878972,1f
12,69786543,rs315113,1f
13,48624890,rs7997347,1f
13,48628449,rs9595835,1f
13,95838241,rs3843689,1f
13,95855500,rs4773844,1f
13,95889241,rs2892713,1f
13,95892896,rs9524859,1f
13,95897302,rs4148446,1f
13,95897758,rs4148442,1f
13,95899354,rs4148437,1f
15,75038967,rs2069521,1f
15,75039233,rs2069522,1f
15,75041341,rs2069526,1f
15,78911181,rs8040868,1f
16,28631585,rs1968752,1f
16,31105353,rs17708472,1f
16,55871135,rs35918553,1f
16,57005301,rs1532625,1f
17,4839149,rs2243102,1f
17,4839930,rs400688,1f
17,7570189,rs9893249,1f
17,19612496,rs4925043,1f
17,19622643,rs11656096,1f
17,19623023,rs11657205,1f
17,19623971,rs11204412,1f
17,19626625,rs12945122,1f
17,28523726,rs7224199,1f
17,28538715,rs4583306,1f
17,28547210,rs8076005,1f
17,41195711,rs8176323,1f
17,41195773,rs8176322,1f
17,41197274,rs8176318,1f
17,41231516,rs8176193,1f
17,41231902,rs4793197,1f
17,41234470,rs1060915,1f
17,41242285,rs2070834,1f
17,41245237,rs16940,1f
17,41251931,rs799923,1f
17,41276247,rs3765640,1f
17,41278116,rs799906,1f
18,656020,rs9967368,1f
18,659236,rs502396,1f
18,660383,rs1004474,1f
18,661005,rs2244500,1f
18,662103,rs1001761,1f
18,662370,rs2612095,1f
18,666371,rs2847149,1f
18,668258,rs15872,1f
18,668300,rs2847150,1f
18,668650,rs2853528,1f
18,670414,rs2853532,1f
18,672363,rs2612100,1f
18,674320,rs3744962,1f
18,675000,rs9948583,1f
18,677214,rs7229142,1f
18,677302,rs2298583,1f
18,677931,rs2298581,1f
18,55720220,rs8097619,1f
18,55722996,rs4349234,1f
18,55724318,rs4302128,1f
19,38948356,rs2071085,1f
19,38949729,rs4802474,1f
19,38949904,rs3745847,1f
19,38950947,rs2304147,1f
19,38953109,rs4802481,1f
19,38994910,rs2229144,1f
19,38995438,rs2960340,1f
19,38996821,rs2915955,1f
19,39000540,rs2960333,1f
19,39000562,rs2960334,1f
19,39002614,rs2960337,1f
19,39002725,rs2071089,1f
19,39050479,rs12327672,1f
19,41495755,rs2054675,1f
19,41515483,rs2279344,1f
19,41515702,rs2279345,1f
19,41516182,rs2306606,1f
19,41518773,rs8192719,1f
19,41531368,rs11666982,1f
19,41531915,rs3745277,1f
19,41537698,rs17726963,1f
19,44058098,rs762507,1f
19,44058239,rs3213356,1f
19,44074212,rs2854510,1f
19,44075636,rs3213266,1f
19,44076154,rs3213263,1f
19,44077507,rs3213255,1f
19,44081499,rs2682586,1f
19,44084155,rs184239,1f
19,45408836,rs405509,1f
19,45416478,rs584007,1f
20,3185123,rs11697186,1f
20,3204084,rs9101,1f
20,3204231,rs13830,1f
21,37502950,rs2242801,1f
21,37506766,rs2239566,1f
21,37507501,rs8133052,1f
21,37507745,rs881711,1f
21,37508643,rs879894,1f
21,37508787,rs879893,1f
21,37521843,rs2242804,1f
22,19871778,rs3788305,1f
22,19872009,rs3788306,1f
22,19889825,rs3788317,1f
22,23538698,rs5759636,1f
22,23573867,rs6003579,1f
22,23574494,rs1010609,1f
22,23588165,rs9612266,1f
22,23588193,rs2267018,1f
22,23612024,rs9612270,1f
22,23612498,rs743584,1f
22,23614026,rs9612272,1f
22,23614625,rs140503,1f
22,23618804,rs7289192,1f
22,23629552,rs5759681,1f
22,23629856,rs7291469,1f
22,23635924,rs5996516,1f
22,23636118,rs2267023,1f
22,23638635,rs5759686,1f
22,23643530,rs5759691,1f
22,23648009,rs131690,1f
22,24830084,rs5751873,1f
22,24836222,rs2236625,1f
22,42531700,rs9623531,1f
22,43009817,rs137113,1f
22,43011674,rs137116,1f
22,43013836,rs137122,1f
22,43024410,rs137139,1f
22,43025194,rs8190440,1f
1,98372645,rs74450569,2a
1,155214473,rs12034326,2a
1,169535038,rs2027885,2a
1,169535057,rs73035547,2a
1,179106899,rs2636274,2a
1,179203741,rs55955319,2a
1,201022513,rs73072961,2a
1,226033421,rs45528642,2a
2,29435044,rs1618579,2a
2,29435047,rs35551293,2a
2,29532167,rs17784025,2a
2,29595196,rs75645293,2a
2,29672547,rs4366858,2a
2,29785417,rs76843006,2a
2,30064465,rs115858639,2a
2,85774108,rs76606353,2a
2,85788738,rs115669754,2a
2,128174154,rs2069897,2a
2,159851549,rs16843534,2a
2,160065098,rs58720358,2a
2,166947043,rs73026830,2a
2,216176648,rs78631308,2a
2,234668828,rs34547608,2a
3,14174954,rs116264282,2a
3,38691497,rs41314779,2a
3,124449252,rs2279199,2a
4,2845481,rs35913891,2a
4,21415733,rs76707556,2a
4,21951413,rs78627661,2a
4,89066075,rs6857600,2a
4,89140356,rs4491984,2a
4,110866442,rs4698756,2a
5,7897319,rs1802059,2a
5,74657280,rs10474435,2a
5,74657284,rs6805,2a
5,148205556,rs17108803,2a
6,1228986,rs78911093,2a
6,2502552,rs1772978,2a
6,32605039,rs115222936,2a
6,32605043,rs9272416,2a
6,35551780,rs77715420,2a
6,35578851,rs73746499,2a
6,35691333,rs78220087,2a
6,35696886,rs2766537,2a
6,39315792,rs9462535,2a
6,39433550,rs7740187,2a
6,39693271,rs10947835,2a
6,84577472,rs6911374,2a
6,84577546,rs114407942,2a
6,160114376,rs5746090,2a
7,30742024,rs255123,2a
7,55088415,rs4947963,2a
7,55162336,rs11977660,2a
7,80506442,rs114731498,2a
7,80548566,rs28372718,2a
9,86886661,rs76524253,2a
9,86986827,rs77165824,2a
9,133327439,rs1760275,2a
9,133641045,rs34063018,2a
10,45868889,rs7913948,2a
10,45870305,rs71494775,2a
10,45870306,rs61855875,2a
10,45871432,rs56150414,2a
10,45919722,rs28395866,2a
10,45919727,rs28395874,2a
10,114729482,rs12255678,2a
10,114778601,rs57321755,2a
11,7687160,rs112446452,2a
11,67351096,rs8191438,2a
11,120418687,rs61900897,2a
11,120479752,rs74573926,2a
11,120484810,rs1317814,2a
11,120644424,rs948027,2a
11,120706789,rs7937037,2a
11,120823721,rs2298724,2a
12,6945031,rs74421949,2a
12,69753530,rs2306204,2a
12,69753830,rs623853,2a
12,69754012,rs634512,2a
12,69754017,rs634514,2a
13,48612214,rs45465203,2a
13,95752024,rs1729760,2a
13,95934594,rs77904806,2a
13,95953289,rs6650325,2a
13,95953292,rs9524896,2a
16,28621213,rs115812810,2a
16,28627401,rs7188400,2a
17,970737,rs2262156,2a
17,986021,rs77632710,2a
17,19622305,rs7213030,2a
17,19622812,rs59939658,2a
17,28547023,rs7218956,2a
17,37843681,rs2517955,2a
17,42084455,rs34608962,2a
17,61562309,rs4316,2a
17,64456281,rs55812401,2a
17,64563520,rs7220007,2a
17,64590930,rs71379980,2a
18,55711964,rs117325095,2a
18,55712021,rs116395340,2a
18,55726152,rs1942565,2a
18,55780802,rs28435764,2a
18,55953143,rs73437239,2a
19,11241810,rs2116898,2a
19,38943728,rs12460768,2a
19,38943853,rs76785884,2a
19,38943950,rs115697801,2a
19,38987845,rs116989106,2a
19,38993556,rs1469698,2a
19,45407226,rs66916483,2a
20,3199669,rs78650559,2a
22,19874718,rs73877388,2a
22,19878514,rs1015471,2a
22,19906052,rs9618715,2a
22,19941344,rs112606844,2a
22,19946897,rs56104268,2a
22,19947389,rs9606196,2a
22,19949952,rs6269,2a
22,19950235,rs4633,2a
22,23612094,rs16998932,2a
22,23612628,rs5996508,2a
22,23657939,rs113629387,2a
22,43045458,rs8190368,2a
X,113952529,rs5987811,2a
X,153755625,rs73573464,2a
X,153771320,rs112022908,2a
1,11841689,rs12119092,2b
1,11845222,rs55867221,2b
1,11847449,rs3737967,2b
1,11851219,rs45529133,2b
1,11857576,rs45577533,2b
1,11857711,rs1572151,2b
1,11858584,rs41452445,2b
1,11863277,rs17037404,2b
1,11863974,rs1931226,2b
1,11866442,rs111334345,2b
1,11866451,rs3737965,2b
1,60358982,rs2280273,2b
1,60368975,rs115628100,2b
1,60392494,rs890293,2b
1,97639877,rs80103417,2b
1,97717801,rs116177057,2b
1,97743864,rs6675639,2b
1,97744048,rs10875061,2b
1,97849910,rs72728443,2b
1,97850060,rs74105186,2b
1,97927565,rs72729930,2b
1,98069671,rs2095663,2b
1,98315061,rs12073487,2b
1,110230331,rs36208868,2b
1,110234570,rs12097277,2b
1,115259084,rs9724618,2b
1,155275727,rs10908461,2b
1,155276174,rs1888929,2b
1,155293963,rs74118446,2b
1,155294772,rs4971075,2b
1,161512077,rs116121681,2b
1,169519671,rs59548259,2b
1,169519765,rs13306331,2b
1,169535196,rs2236869,2b
1,169555819,rs9332484,2b
1,173883517,rs56288561,2b
1,179098475,rs2486995,2b
1,179106747,rs12081759,2b
1,179112818,rs12096893,2b
1,179133748,rs117402355,2b
1,179198876,rs3122377,2b
1,179198962,rs28991584,2b
1,179199007,rs28991583,2b
1,179199008,rs28991582,2b
1,179203663,rs55827544,2b
1,186650321,rs20417,2b
1,186651876,rs12042763,2b
1,186651932,rs113831804,2b
1,201012484,rs13374149,2b
1,201029187,rs12127269,2b
1,201029213,rs7556265,2b
1,201029431,rs4915475,2b
1,201059084,rs3753960,2b
1,201077924,rs72751115,2b
1,201080480,rs58864505,2b
1,201080785,rs58258683,2b
1,201083930,rs2274236,2b
1,202926396,rs77096482,2b
1,202927243,rs77677178,2b
1,202928703,rs6666089,2b
1,202934044,rs2363768,2b
1,202936527,rs35356717,2b
1,202936573,rs59832792,2b
1,202936744,rs72754704,2b
1,202938211,rs6427983,2b
1,225996083,rs78586784,2b
1,225999618,rs78489655,2b
1,226005560,rs12403480,2b
1,226012277,rs2854447,2b
1,226036572,rs74150526,2b
1,226037955,rs67767675,2b
2,29411009,rs73920724,2b
2,29430758,rs115985886,2b
2,29434987,rs1670288,2b
2,29440454,rs1073319,2b
2,29446701,rs12619049,2b
2,29451986,rs62130588,2b
2,29471860,rs4293530,2b
2,29497276,rs2339470,2b
2,29504586,rs2339471,2b
2,29544929,rs55793959,2b
2,29625094,rs11904314,2b
2,29627273,rs11902574,2b
2,29646663,rs115555584,2b
2,29673978,rs72792475,2b
2,29819658,rs73921116,2b
2,29834171,rs115458307,2b
2,29947102,rs17008529,2b
2,29974472,rs115688639,2b
2,29978816,rs116640500,2b
2,30000281,rs9973358,2b
2,30006714,rs4665479,2b
2,30034041,rs35768157,2b
2,30142221,rs4493216,2b
2,85773626,rs72940569,2b
2,85775092,rs113958713,2b
2,85786902,rs75566086,2b
2,85788140,rs1254898,2b
2,128173833,rs2069892,2b
2,128174068,rs2069895,2b
2,128174227,rs2069898,2b
2,128175005,rs79228999,2b
2,128176230,rs41280570,2b
2,128176393,rs2854696,2b
2,128177034,rs2069908,2b
2,128178191,rs2069912,2b
2,128178259,rs2069913,2b
2,128182994,rs2069924,2b
2,159825357,rs116434948,2b
2,159825637,rs842072,2b
2,159830122,rs73969405,2b
2,159836580,rs72953173,2b
2,159841241,rs1719077,2b
2,159841346,rs1719078,2b
2,159846870,rs17638597,2b
2,159887785,rs264605,2b
2,159899177,rs75847108,2b
2,159899188,rs264608,2b
2,159901693,rs77267731,2b
2,159902149,rs264575,2b
2,159956016,rs74267601,2b
2,159958426,rs7585857,2b
2,159965140,rs6714340,2b
2,159981580,rs10185064,2b
2,159981588,rs60672869,2b
2,159986664,rs62171090,2b
2,159991981,rs62171094,2b
2,159992324,rs73002928,2b
2,159992699,rs2288105,2b
2,159995946,rs76076682,2b
2,160012034,rs16843760,2b
2,160020652,rs73002943,2b
2,160041993,rs17494000,2b
2,160043745,rs62171133,2b
2,160045413,rs73002964,2b
2,160057141,rs1035055,2b
2,160058037,rs12623032,2b
2,160068348,rs2357050,2b
2,160082876,rs13422924,2b
2,166947101,rs73026831,2b
2,167005694,rs16851666,2b
2,211341599,rs2287417,2b
2,211342472,rs111491997,2b
2,211418423,rs116689085,2b
2,211421264,rs6732642,2b
2,211485407,rs11685945,2b
2,211528309,rs76772145,2b
2,211528512,rs61382870,2b
2,211528686,rs77687825,2b
2,216176807,rs4535042,2b
2,216176824,rs28366035,2b
2,216189788,rs74853411,2b
2,216197797,rs3821354,2b
2,216198049,rs10179873,2b
2,234651582,rs78644424,2b
2,234651800,rs3796088,2b
2,234654322,rs28900379,2b
2,234665498,rs11568318,2b
2,234665659,rs4124874,2b
2,234665782,rs10929302,2b
2,234670139,rs34652311,2b
2,234673188,rs34078324,2b
2,234684239,rs114112305,2b
3,14165929,rs2733577,2b
3,14185627,rs2607770,2b
3,14186078,rs2607771,2b
3,14186079,rs11923207,2b
3,14190237,rs2279017,2b
3,14220517,rs3731054,2b
3,38622868,rs41260344,2b
3,38643824,rs41313685,2b
3,38647047,rs11711602,2b
3,38653277,rs6599225,2b
3,38658103,rs76337192,2b
3,38675835,rs9880984,2b
3,38691286,rs45470503,2b
3,119500664,rs1523128,2b
3,119513974,rs72554006,2b
3,119516891,rs79073130,2b
3,119529113,rs3732356,2b
3,124448930,rs2669919,2b
3,124449291,rs1139538,2b
3,124464142,rs11706118,2b
3,124466083,rs1979413,2b
3,124466307,rs76151694,2b
3,152551071,rs16864605,2b
3,152552914,rs78011023,2b
3,152552925,rs3755711,2b
4,2844759,rs74759412,2b
4,2845048,rs116541370,2b
4,2845057,rs116059356,2b
4,2845678,rs4960,2b
4,2860449,rs1268841,2b
4,2861430,rs1263360,2b
4,2875162,rs626962,2b
4,2935618,rs17851257,2b
4,20775383,rs1491366,2b
4,20815492,rs13116410,2b
4,20834562,rs4391029,2b
4,20834563,rs13101764,2b
4,20834721,rs902665,2b
4,20841650,rs13119321,2b
4,21137881,rs1433485,2b
4,21138192,rs56052027,2b
4,21207541,rs1863290,2b
4,21306315,rs79691370,2b
4,21478658,rs17464793,2b
4,21770028,rs12646630,2b
4,21771058,rs73102043,2b
4,21771110,rs13141904,2b
4,21771458,rs28445349,2b
4,21791184,rs59961441,2b
4,21804258,rs10017728,2b
4,21889983,rs75580530,2b
4,55523938,rs1005438,2b
4,55524338,rs72550821,2b
4,55524533,rs999021,2b
4,55543668,rs73135814,2b
4,55543701,rs6834579,2b
4,55554255,rs77184992,2b
4,84194038,rs6841864,2b
4,84205872,rs6818847,2b
4,89033527,rs13120400,2b
4,89059819,rs17731631,2b
4,89059917,rs12641369,2b
4,89079632,rs111766106,2b
4,89080495,rs59172759,2b
4,89099265,rs113912694,2b
4,89112833,rs6854688,2b
4,89112908,rs11097182,2b
4,89125932,rs74943514,2b
4,110868868,rs28414645,2b
4,110889274,rs11568974,2b
4,110911945,rs76999629,2b
4,110920099,rs17041176,2b
4,110920299,rs11569093,2b
5,7869578,rs75888760,2b
5,7869884,rs79227708,2b
5,7870095,rs12653464,2b
5,7878603,rs57937475,2b
5,7878994,rs3776464,2b
5,7887456,rs162039,2b
5,7887488,rs13190084,2b
5,63255235,rs116985176,2b
5,74632494,rs75353187,2b
5,148205372,rs2053044,2b
5,148205989,rs17334228,2b
5,179220010,rs3776944,2b
5,179220407,rs76018357,2b
6,1190993,rs1437279,2b
6,1231569,rs142554,2b
6,1263764,rs13218164,2b
6,1264403,rs2459602,2b
6,1268685,rs60014727,2b
6,2503120,rs1680829,2b
6,2503335,rs1772976,2b
6,2504501,rs76220589,2b
6,2839755,rs73719613,2b
6,2839856,rs7757278,2b
6,2841914,rs56354806,2b
6,2841954,rs57721448,2b
6,3849305,rs2239713,2b
6,3851719,rs75384213,2b
6,3871923,rs55815810,2b
6,3876572,rs59430547,2b
6,3884465,rs114086921,2b
6,3886210,rs73721431,2b
6,3898739,rs9503786,2b
6,3906139,rs4377829,2b
6,3906277,rs75215148,2b
6,3912246,rs13212519,2b
6,3912275,rs13196874,2b
6,3914013,rs10223363,2b
6,3919502,rs114371052,2b
6,3919504,rs6927256,2b
6,3919560,rs6906656,2b
6,3926459,rs73345909,2b
6,3933306,rs9405209,2b
6,3933535,rs7742204,2b
6,3956425,rs9405211,2b
6,4510019,rs9378884,2b
6,18148665,rs75221067,2b
6,18155030,rs73379184,2b
6,31234894,rs115841821,2b
6,31234911,rs9264555,2b
6,31234913,rs115222669,2b
6,31235365,rs116634991,2b
6,31236800,rs116229144,2b
6,32602075,rs114929610,2b
6,32603461,rs116236894,2b
6,32603463,rs115296161,2b
6,32604423,rs9272351,2b
6,32604898,rs9272400,2b
6,32604963,rs9272408,2b
6,32604967,rs28441428,2b
6,32604968,rs9272409,2b
6,32604969,rs9272410,2b
6,32605101,rs9272420,2b
6,32605107,rs115290336,2b
6,32605266,rs1047992,2b
6,32607853,rs41269945,2b
6,32607861,rs36221399,2b
6,35564917,rs112917942,2b
6,35573994,rs115026707,2b
6,35637377,rs114623987,2b
6,35656431,rs13215797,2b
6,35691436,rs114304008,2b
6,35694245,rs76917354,2b
6,35694577,rs77677939,2b
6,35694926,rs10947565,2b
6,35695518,rs74943948,2b
6,35695541,rs2766536,2b
6,35696363,rs2817035,2b
6,39298047,rs115597878,2b
6,39306541,rs113183360,2b
6,39312647,rs59345044,2b
6,39333337,rs9357303,2b
6,39357374,rs9394590,2b
6,39384739,rs9471097,2b
6,39464913,rs875730,2b
6,39529692,rs2092524,2b
6,39614805,rs2466410,2b
6,39656448,rs302570,2b
6,154360569,rs17174638,2b
6,154360696,rs1799972,2b
6,154448965,rs880649,2b
6,154477552,rs56089459,2b
6,154518638,rs1040822,2b
6,154551118,rs12212773,2b
6,154560337,rs6935927,2b
6,160108470,rs5746115,2b
6,160110454,rs2758334,2b
6,160111473,rs1570318,2b
6,160112496,rs5746109,2b
6,160112636,rs5746106,2b
6,160112638,rs5746105,2b
6,160114366,rs5746091,2b
6,160115623,rs5746080,2b
6,160137804,rs73802631,2b
6,160147347,rs76325669,2b
6,160147441,rs1853259,2b
6,160148892,rs111531886,2b
6,160148935,rs1535475,2b
6,160181737,rs11759329,2b
6,160182617,rs2273818,2b
6,160182735,rs55741530,2b
6,160555420,rs111778156,2b
6,160556197,rs3798169,2b
6,160556203,rs28536763,2b
6,160581857,rs80282126,2b
6,160582862,rs112673514,2b
7,17338430,rs7796976,2b
7,30718589,rs12533248,2b
7,30719398,rs62446876,2b
7,30728452,rs917195,2b
7,30728472,rs917196,2b
7,30733704,rs75823140,2b
7,30734819,rs114873968,2b
7,30734831,rs255110,2b
7,30740079,rs73085844,2b
7,30742124,rs255124,2b
7,55086755,rs712829,2b
7,55088508,rs114972508,2b
7,55094705,rs7784637,2b
7,55120112,rs73420783,2b
7,55124521,rs73340792,2b
7,55124944,rs77434480,2b
7,55137080,rs76589229,2b
7,55140255,rs79984390,2b
7,55140296,rs6978771,2b
7,55140398,rs17586344,2b
7,55142125,rs61091792,2b
7,55146926,rs61389615,2b
7,55147028,rs77242214,2b
7,55149706,rs74578865,2b
7,55154636,rs759169,2b
7,55154688,rs2302535,2b
7,55154931,rs75688944,2b
7,55155372,rs759170,2b
7,55177232,rs17336184,2b
7,55177641,rs17289427,2b
7,55192790,rs62459765,2b
7,55193053,rs73696544,2b
7,55197390,rs11534100,2b
7,55201394,rs11238353,2b
7,55220905,rs11770531,2b
7,55221469,rs11770689,2b
7,55246877,rs62457093,2b
7,55248926,rs10241451,2b
7,55254186,rs6593210,2b
7,55255963,rs1554718,2b
7,55256073,rs73346604,2b
7,55260341,rs17290587,2b
7,55280559,rs76334949,2b
7,55280632,rs7792797,2b
7,55280747,rs117869919,2b
7,65541185,rs1183245,2b
7,65541307,rs1144895,2b
7,80400170,rs12669309,2b
7,80411287,rs3807104,2b
7,80413150,rs60037757,2b
7,80456477,rs67118064,2b
7,80456841,rs4461841,2b
7,80481382,rs17154550,2b
7,80506579,rs114056955,2b
7,80514222,rs73709358,2b
7,80551688,rs12154785,2b
7,99277068,rs41300716,2b
7,99277201,rs28365070,2b
7,99350302,rs72494458,2b
7,99360870,rs4646440,2b
7,117119183,rs4148682,2b
7,117245982,rs76927122,2b
7,117259946,rs213986,2b
7,117285534,rs35131082,2b
7,128396582,rs339098,2b
7,128414947,rs73467169,2b
7,128416512,rs74512884,2b
7,140449071,rs3789806,2b
7,140529830,rs78839909,2b
7,140609642,rs75996906,2b
7,140609645,rs6964917,2b
7,140609690,rs6964937,2b
7,140609696,rs10278608,2b
7,140624140,rs71645938,2b
7,150639212,rs73470546,2b
7,150640285,rs1547958,2b
7,150641810,rs41312078,2b
7,150651558,rs41314381,2b
7,150653336,rs882156,2b
7,150659051,rs3778874,2b
7,150665746,rs41308978,2b
7,150668514,rs4725984,2b
7,150671276,rs41308996,2b
7,150671437,rs748693,2b
7,150673722,rs55813292,2b
7,150675627,rs41309017,2b
8,18054844,rs28383686,2b
8,18054928,rs7846193,2b
8,18067463,rs28359481,2b
8,18067711,rs111399247,2b
8,18068106,rs113255185,2b
8,18244593,rs10110232,2b
8,18246696,rs4646241,2b
8,69243745,rs2676639,2b
8,69403254,rs4489312,2b
8,69537929,rs117389843,2b
8,69611629,rs7016101,2b
8,69636599,rs16934962,2b
8,69644406,rs72666794,2b
8,69678500,rs11987041,2b
8,69686115,rs12550341,2b
8,69686367,rs10504432,2b
8,69699149,rs16935061,2b
8,139614217,rs77346513,2b
8,139654497,rs115734379,2b
8,139680015,rs28750514,2b
8,139698881,rs60371891,2b
8,139698892,rs12541472,2b
8,139748180,rs116906996,2b
8,139780122,rs114931078,2b
8,139797049,rs7460631,2b
8,139843219,rs59176636,2b
8,139847657,rs74541757,2b
8,139847831,rs79140817,2b
8,139886780,rs6998323,2b
8,139889279,rs116475461,2b
8,139889287,rs115893591,2b
8,139904980,rs28489084,2b
8,139926282,rs111698074,2b
8,139926306,rs112482717,2b
8,139927016,rs2318350,2b
9,75552675,rs8187898,2b
9,86886225,rs7864755,2b
9,86916910,rs12342617,2b
9,86937874,rs73649410,2b
9,86938059,rs12004882,2b
9,86955157,rs3812509,2b
9,86955682,rs7035753,2b
9,86964718,rs17087144,2b
9,125128663,rs72769722,2b
9,125133479,rs1236913,2b
9,125135947,rs10306126,2b
9,125136188,rs12000670,2b
9,125136241,rs12004534,2b
9,125137281,rs10306128,2b
9,125137644,rs10306133,2b
9,125137648,rs79440518,2b
9,125138695,rs7866582,2b
9,125139340,rs35119072,2b
9,125139920,rs10306138,2b
9,125141707,rs10306141,2b
9,125152114,rs10306172,2b
9,125152240,rs10306173,2b
9,125156397,rs73561092,2b
9,133321098,rs7042129,2b
9,133321778,rs13440219,2b
9,133325472,rs4740158,2b
9,133326320,rs77874222,2b
9,133329546,rs80350028,2b
9,133329781,rs73541961,2b
9,133335708,rs73541983,2b
9,133336948,rs1215981,2b
9,133337089,rs12000999,2b
9,133341037,rs12343078,2b
9,133353267,rs7851267,2b
9,133361966,rs77415973,2b
9,133587986,rs7026500,2b
9,133607956,rs2791725,2b
9,133617617,rs72765031,2b
9,133620998,rs2789764,2b
9,133640597,rs35242292,2b
9,133656335,rs2251403,2b
9,133699113,rs35543661,2b
9,133700786,rs2260323,2b
9,133710246,rs2987902,2b
9,133710345,rs59617042,2b
9,133711550,rs74953286,2b
9,133712801,rs3808821,2b
9,133719421,rs74451545,2b
9,133719750,rs34594121,2b
9,133723404,rs75658049,2b
9,133723594,rs10901292,2b
9,133742004,rs76512613,2b
9,133761616,rs115230463,2b
9,133761675,rs33977130,2b
10,45867207,rs12264166,2b
10,45869171,rs12762303,2b
10,45869748,rs4987105,2b
10,45870610,rs1864413,2b
10,45914744,rs12264801,2b
10,45915155,rs58704739,2b
10,45915319,rs58502629,2b
10,45917199,rs7077173,2b
10,45918076,rs7090328,2b
10,45928687,rs12265175,2b
10,45934331,rs702365,2b
10,45934338,rs79643836,2b
10,45934372,rs702366,2b
10,45937907,rs76819096,2b
10,45938239,rs2242332,2b
10,96538150,rs116618873,2b
10,104914491,rs12414232,2b
10,104937100,rs7917650,2b
10,104941107,rs55689128,2b
10,104952624,rs76642670,2b
10,104952625,rs3087681,2b
10,104952632,rs12774207,2b
10,104953734,rs79179549,2b
10,114710019,rs77172590,2b
10,114714860,rs78212741,2b
10,114714861,rs78132812,2b
10,114715000,rs113593497,2b
10,114745828,rs116593313,2b
10,114780650,rs115561024,2b
10,114818772,rs35936842,2b
10,114819128,rs115684507,2b
10,114873830,rs74157217,2b
10,114874019,rs290475,2b
10,114891443,rs11599737,2b
10,114891456,rs11196239,2b
10,114913559,rs10509969,2b
10,115803375,rs12414657,2b
10,115803613,rs17875443,2b
10,115804206,rs7921133,2b
10,135337229,rs10466129,2b
10,135337230,rs77288879,2b
10,135337235,rs10466130,2b
10,135342583,rs8192769,2b
10,135345436,rs28969386,2b
11,7686858,rs61683338,2b
11,7686959,rs11041522,2b
11,7686970,rs55635523,2b
11,7687265,rs59114959,2b
11,7687305,rs12794507,2b
11,7694762,rs945888,2b
11,7694854,rs4237758,2b
11,7695401,rs7482385,2b
11,17408404,rs5213,2b
11,17408496,rs8175351,2b
11,67349872,rs8191430,2b
11,67351531,rs1079719,2b
11,67351674,rs8191445,2b
11,67351774,rs2370143,2b
11,67352161,rs8191448,2b
11,67352381,rs8191449,2b
11,67353844,rs1871042,2b
11,67355399,rs116360539,2b
11,67355797,rs79512139,2b
11,102980324,rs17301028,2b
11,103038007,rs115927978,2b
11,103099653,rs590622,2b
11,103304381,rs589523,2b
11,103325199,rs11225810,2b
11,103325204,rs11225811,2b
11,103335397,rs61904821,2b
11,108212114,rs116712378,2b
11,113269792,rs34298987,2b
11,113272393,rs111776573,2b
11,113272664,rs2587551,2b
11,113272693,rs115721975,2b
11,113272730,rs78830171,2b
11,113317973,rs4245146,2b
11,113318705,rs4936271,2b
11,113345339,rs10789943,2b
11,113345406,rs10789944,2b
11,113346351,rs1799978,2b
11,120381060,rs34690253,2b
11,120382000,rs77156780,2b
11,120383184,rs114602568,2b
11,120383569,rs80355575,2b
11,120383610,rs12786454,2b
11,120383850,rs80234662,2b
11,120387916,rs79266780,2b
11,120388178,rs4084121,2b
11,120388288,rs75056426,2b
11,120388768,rs60962976,2b
11,120388959,rs56078735,2b
11,120396635,rs2253485,2b
11,120397875,rs7120265,2b
11,120400064,rs114784798,2b
11,120450358,rs12273031,2b
11,120470430,rs4936524,2b
11,120479519,rs77144602,2b
11,120484624,rs58366343,2b
11,120484712,rs1317815,2b
11,120493360,rs4936532,2b
11,120500339,rs12577725,2b
11,120500555,rs77630680,2b
11,120503351,rs12273151,2b
11,120504521,rs114709204,2b
11,120516456,rs73576398,2b
11,120528226,rs75191634,2b
11,120533923,rs78225900,2b
11,120534062,rs74509454,2b
11,120537147,rs56383360,2b
11,120545219,rs11217961,2b
11,120545261,rs116440752,2b
11,120545346,rs11217962,2b
11,120545502,rs11217963,2b
11,120559070,rs10892616,2b
11,120565688,rs112367089,2b
11,120580623,rs7102869,2b
11,120581609,rs7944756,2b
11,120585300,rs1939664,2b
11,120611308,rs2187495,2b
11,120619202,rs2852224,2b
11,120621602,rs1945011,2b
11,120668013,rs11821379,2b
11,120681189,rs57802696,2b
11,120689035,rs6589845,2b
11,120691285,rs4936554,2b
11,120703542,rs80148567,2b
11,120710220,rs79925928,2b
11,120749953,rs11218041,2b
11,120771638,rs77952967,2b
11,120771668,rs2156635,2b
11,120778052,rs74814854,2b
11,120779304,rs12420017,2b
11,120794722,rs74900111,2b
11,120805056,rs17124570,2b
11,120821862,rs12361041,2b
11,120823396,rs584092,2b
11,120823608,rs2298725,2b
11,120823744,rs74929516,2b
11,120857002,rs5016722,2b
12,21322866,rs11045815,2b
12,25389182,rs17388573,2b
12,25389220,rs17388587,2b
12,25403523,rs61016093,2b
12,25403667,rs61759618,2b
12,48244660,rs2239183,2b
12,48252730,rs11574079,2b
12,48277153,rs11574038,2b
12,48280455,rs7979131,2b
12,48282900,rs12721375,2b
12,69753377,rs11177614,2b
12,69753878,rs111302834,2b
13,47468412,rs74846842,2b
13,48612411,rs117361623,2b
13,48612972,rs79076357,2b
13,95677566,rs117235227,2b
13,95736138,rs115423990,2b
13,95736210,rs9590177,2b
13,95776121,rs3782956,2b
13,95789560,rs116097308,2b
13,95789641,rs17189362,2b
13,95805998,rs4148504,2b
13,95812745,rs7993619,2b
13,95865899,rs9524831,2b
13,95865922,rs34989831,2b
13,95878468,rs58296130,2b
13,95878595,rs67685414,2b
13,95878842,rs4636781,2b
13,95878852,rs4505186,2b
13,95878940,rs4520712,2b
13,95879841,rs6492771,2b
13,95904094,rs118144309,2b
13,95906694,rs9590220,2b
13,95906945,rs11841205,2b
13,95908507,rs17189540,2b
13,95911306,rs9590223,2b
13,95912537,rs4148433,2b
13,95912610,rs118072351,2b
13,95920458,rs9584288,2b
13,95920470,rs61972743,2b
13,95923513,rs61972758,2b
13,95932915,rs60577821,2b
13,95934296,rs7987823,2b
13,95948921,rs7982930,2b
13,95950096,rs113543748,2b
13,95950210,rs871051,2b
15,78912278,rs8025188,2b
15,89858602,rs1138465,2b
15,89862366,rs2246900,2b
15,89873553,rs2307430,2b
15,89874283,rs12324302,2b
15,89876858,rs28567406,2b
15,89877490,rs8029986,2b
15,89877859,rs2286353,2b
15,89879141,rs3176146,2b
16,28620572,rs750155,2b
16,28620800,rs3760091,2b
16,28621311,rs2077412,2b
16,28621457,rs112411210,2b
16,28622312,rs11645338,2b
16,28634425,rs56148728,2b
16,31105554,rs2884737,2b
16,55869235,rs6499786,2b
16,56994990,rs17245715,2b
16,56998918,rs12720926,2b
16,56998927,rs17237939,2b
16,57008048,rs158479,2b
16,57015419,rs114948973,2b
16,57017166,rs36051594,2b
16,57017796,rs289743,2b
16,57018856,rs112039804,2b
16,57020327,rs17369163,2b
16,69136345,rs76230338,2b
16,69146543,rs6499217,2b
16,69153251,rs79051270,2b
16,69760090,rs16959116,2b
16,69760593,rs116738570,2b
16,69761661,rs689455,2b
17,950567,rs2260059,2b
17,950579,rs58488695,2b
17,951002,rs2261043,2b
17,952956,rs112586572,2b
17,953737,rs2257222,2b
17,959286,rs34169260,2b
17,959515,rs2304958,2b
17,961900,rs2304961,2b
17,970561,rs3826527,2b
17,970819,rs2258166,2b
17,984539,rs3786069,2b
17,984561,rs2589477,2b
17,987221,rs17622751,2b
17,987260,rs118135179,2b
17,987272,rs75377792,2b
17,990964,rs2260606,2b
17,994735,rs2289632,2b
17,998926,rs2257670,2b
17,1000107,rs116549379,2b
17,1000285,rs11650002,2b
17,1001613,rs116898709,2b
17,1001710,rs8078396,2b
17,4839400,rs2243103,2b
17,7577407,rs12951053,2b
17,7591554,rs17883184,2b
17,7591555,rs17882910,2b
17,7592168,rs2287499,2b
17,19605563,rs75970676,2b
17,19605569,rs76119305,2b
17,19610704,rs9901772,2b
17,19616907,rs7222445,2b
17,19618850,rs112897586,2b
17,19619998,rs12943590,2b
17,19622088,rs116902358,2b
17,19622324,rs11655989,2b
17,19622669,rs115376067,2b
17,19622917,rs117292227,2b
17,19623433,rs79923285,2b
17,19623533,rs2010728,2b
17,19624292,rs115366566,2b
17,28527228,rs9303628,2b
17,28547128,rs56061045,2b
17,28557568,rs73987804,2b
17,28559182,rs8073965,2b
17,37861188,rs114620979,2b
17,37861718,rs2952155,2b
17,37886986,rs3809717,2b
17,41194885,rs7223952,2b
17,41277187,rs799905,2b
17,42082681,rs2014257,2b
17,42084097,rs228771,2b
17,61551911,rs4289,2b
17,61554913,rs7211207,2b
17,61558320,rs12709424,2b
17,61565765,rs1987693,2b
17,61566031,rs4343,2b
17,61570422,rs4353,2b
17,61576846,rs116133272,2b
17,64299584,rs12452698,2b
17,64300708,rs4393604,2b
17,64301081,rs67700546,2b
17,64327406,rs4790913,2b
17,64342236,rs112140077,2b
17,64344650,rs72846606,2b
17,64344662,rs77521464,2b
17,64344788,rs72846607,2b
17,64346020,rs114844906,2b
17,64351098,rs78755215,2b
17,64351099,rs61342527,2b
17,64371848,rs115655753,2b
17,64379563,rs16959102,2b
17,64382976,rs8069454,2b
17,64402141,rs10221238,2b
17,64424250,rs11079656,2b
17,64427344,rs740930,2b
17,64427352,rs9912570,2b
17,64447681,rs114416884,2b
17,64456226,rs73996206,2b
17,64456425,rs34796136,2b
17,64458355,rs73996213,2b
17,64459264,rs9900297,2b
17,64459285,rs73996219,2b
17,64463034,rs75218216,2b
17,64464818,rs67894235,2b
17,64489704,rs2109648,2b
17,64489788,rs113599048,2b
17,64489878,rs73336524,2b
17,64490119,rs9891007,2b
17,64505762,rs9903655,2b
17,64506063,rs74729918,2b
17,64519262,rs16959508,2b
17,64536487,rs76491273,2b
17,64538464,rs11656279,2b
17,64544563,rs56331109,2b
17,64544723,rs116879811,2b
17,64544983,rs8070914,2b
17,64561313,rs8071518,2b
17,64632551,rs111681071,2b
17,64650602,rs28532289,2b
17,64650666,rs9893679,2b
17,64657690,rs1024740,2b
17,64658871,rs10401064,2b
17,64659547,rs16959906,2b
17,64669889,rs73997131,2b
17,64670269,rs9910390,2b
17,64670278,rs73997132,2b
17,64673076,rs16959967,2b
17,64673914,rs58147519,2b
17,64688009,rs9896076,2b
17,64708141,rs80106220,2b
17,64708329,rs11867531,2b
17,64710030,rs76069160,2b
17,64714133,rs77748014,2b
17,64722145,rs7219495,2b
17,64722188,rs117396877,2b
17,64733650,rs16960132,2b
17,64733726,rs9909890,2b
17,64778758,rs28412064,2b
17,64781679,rs4144640,2b
17,64781769,rs4144639,2b
17,64804700,rs7220996,2b
18,657310,rs73943347,2b
18,658064,rs2853533,2b
18,658332,rs72634355,2b
18,658918,rs116569088,2b
18,659177,rs4987088,2b
18,666273,rs34007153,2b
18,55711354,rs9953520,2b
18,55712676,rs78313054,2b
18,55713536,rs62094337,2b
18,55719267,rs73959442,2b
18,55719638,rs78979596,2b
18,55724496,rs7231470,2b
18,55725956,rs1942563,2b
18,55726087,rs4461163,2b
18,55743399,rs1001685,2b
18,55745854,rs78690419,2b
18,55755909,rs76458804,2b
18,55756056,rs114466099,2b
18,55761881,rs76616988,2b
18,55762027,rs17064338,2b
18,55764687,rs115367567,2b
18,55767765,rs566032,2b
18,55773440,rs502450,2b
18,55780673,rs28683754,2b
18,55785616,rs12605282,2b
18,55789188,rs9966824,2b
18,55791998,rs74923081,2b
18,55807051,rs61088244,2b
18,55807390,rs12326435,2b
18,55807833,rs12963630,2b
18,55816437,rs4149598,2b
18,55827885,rs60719847,2b
18,55844718,rs579709,2b
18,55845226,rs520348,2b
18,55847570,rs114997090,2b
18,55848266,rs12455563,2b
18,55852167,rs5013567,2b
18,55880900,rs78834884,2b
18,55896220,rs292448,2b
18,55901998,rs12966139,2b
18,55914848,rs73454656,2b
18,55930442,rs80207323,2b
18,55936104,rs1453082,2b
18,55957987,rs4058295,2b
18,55959751,rs9952789,2b
18,55977905,rs3865415,2b
18,55983330,rs2288774,2b
18,56004958,rs74707416,2b
18,56047182,rs4940676,2b
18,56069751,rs4940681,2b
18,56069806,rs73959625,2b
19,11200806,rs17242353,2b
19,11203414,rs17249169,2b
19,11205975,rs8102912,2b
19,11206969,rs17242395,2b
19,11215099,rs115174223,2b
19,11240053,rs2569537,2b
19,11244046,rs28398082,2b
19,15984854,rs11882524,2b
19,15990431,rs2108622,2b
19,16004396,rs3093134,2b
19,38927511,rs115997727,2b
19,38932379,rs79536730,2b
19,38932386,rs892053,2b
19,38944346,rs6508801,2b
19,38957139,rs10451435,2b
19,38993547,rs2229142,2b
19,38993638,rs1469699,2b
19,38997459,rs2915958,2b
19,38997763,rs2960348,2b
19,38997896,rs11880187,2b
19,38998025,rs12980578,2b
19,39003263,rs16972685,2b
19,39005937,rs2915942,2b
19,39019153,rs6508806,2b
19,39034386,rs2292797,2b
19,39034388,rs2292798,2b
19,39034771,rs2292800,2b
19,39045721,rs73032648,2b
19,39056291,rs113579185,2b
19,39060238,rs6508808,2b
19,39060254,rs7260146,2b
19,39743657,rs60494587,2b
19,41349759,rs6413474,2b
19,41354553,rs28399441,2b
19,41356123,rs8192722,2b
19,41495633,rs12721652,2b
19,41497575,rs28739581,2b
19,41536622,rs7257703,2b
19,41536642,rs10422729,2b
19,41537868,rs10409701,2b
19,41538033,rs4802105,2b
19,44052961,rs114555388,2b
19,44078736,rs3213247,2b
19,44079687,rs3213245,2b
19,44084403,rs304729,2b
19,45404579,rs394819,2b
19,45404691,rs405697,2b
19,45407655,rs7256173,2b
19,45910672,rs1046282,2b
19,45912736,rs3212986,2b
19,45930971,rs11880627,2b
20,3185313,rs11699145,2b
20,3199373,rs2422861,2b
20,3202636,rs6107258,2b
20,3202733,rs115881684,2b
20,3202764,rs66724923,2b
20,3203739,rs79252113,2b
20,3204543,rs77614844,2b
20,3204553,rs80067223,2b
20,3205861,rs11907085,2b
20,48122140,rs5601,2b
20,48127176,rs729824,2b
20,48130328,rs495146,2b
20,48132398,rs77317874,2b
20,48135999,rs75868795,2b
20,48138132,rs73910539,2b
20,48158375,rs7267130,2b
20,48178979,rs6095581,2b
21,37502585,rs35941684,2b
21,37507906,rs45581835,2b
21,37513747,rs4817782,2b
21,37514172,rs45614331,2b
21,46929670,rs62214275,2b
21,46930948,rs116087241,2b
21,46932652,rs7867,2b
21,46944863,rs112628385,2b
21,46952750,rs914232,2b
21,46952996,rs9974325,2b
21,46961903,rs4311136,2b
21,46966822,rs62214303,2b
22,19861127,rs7285948,2b
22,19861169,rs56062824,2b
22,19861171,rs76241234,2b
22,19863638,rs58210408,2b
22,19864018,rs116012329,2b
22,19864072,rs73877383,2b
22,19864089,rs67937222,2b
22,19864960,rs73381892,2b
22,19867771,rs1139795,2b
22,19868951,rs33997573,2b
22,19876333,rs73877389,2b
22,19878543,rs73877390,2b
22,19879598,rs79062175,2b
22,19887350,rs3788312,2b
22,19888728,rs112011114,2b
22,19891395,rs9605027,2b
22,19901209,rs73880009,2b
22,19921003,rs5746847,2b
22,19928354,rs45521239,2b
22,19930002,rs9306231,2b
22,19930014,rs9306232,2b
22,19930017,rs9306233,2b
22,19930121,rs737865,2b
22,19930784,rs73385647,2b
22,19930810,rs45616631,2b
22,19931173,rs933270,2b
22,19935340,rs112812954,2b
22,19935607,rs174682,2b
22,19935643,rs9332342,2b
22,19941495,rs3819619,2b
22,19947325,rs11912495,2b
22,19948868,rs9332359,2b
22,19949747,rs11569716,2b
22,19950428,rs2239393,2b
22,19950763,rs740601,2b
22,19953832,rs174697,2b
22,19957631,rs9265,2b
22,19957633,rs9332383,2b
22,19957759,rs9332384,2b
22,19958561,rs72554698,2b
22,19958829,rs5993890,2b
22,19959033,rs12329964,2b
22,19960140,rs62223685,2b
22,19960184,rs71313931,2b
22,19960188,rs2518823,2b
22,19960198,rs71313932,2b
22,19960394,rs758373,2b
22,19962380,rs1110477,2b
22,23522669,rs112947658,2b
22,23525107,rs12484096,2b
22,23529636,rs74876487,2b
22,23535601,rs78674618,2b
22,23540249,rs79579299,2b
22,23548123,rs7287313,2b
22,23558093,rs80131826,2b
22,23558727,rs78582428,2b
22,23561317,rs114246083,2b
22,23561371,rs76359195,2b
22,23562191,rs16998648,2b
22,23562528,rs74440430,2b
22,23562925,rs12160770,2b
22,23565968,rs5996502,2b
22,23566081,rs5759652,2b
22,23579510,rs2213172,2b
22,23585311,rs28375,2b
22,23585578,rs6003583,2b
22,23585811,rs116754790,2b
22,23589598,rs9624067,2b
22,23589660,rs117137906,2b
22,23592567,rs114087072,2b
22,23593051,rs5751614,2b
22,23593148,rs115060712,2b
22,23601320,rs116728698,2b
22,23602696,rs112923236,2b
22,23609716,rs12167203,2b
22,23611357,rs9612269,2b
22,23617555,rs5759673,2b
22,23617557,rs3788359,2b
22,23621187,rs55954687,2b
22,23625550,rs11912657,2b
22,23625643,rs78755527,2b
22,23625886,rs56073544,2b
22,23632191,rs13340074,2b
22,23632257,rs9608100,2b
22,23632333,rs140506,2b
22,23632921,rs7364231,2b
22,23644963,rs73878677,2b
22,23647800,rs67376222,2b
22,23657613,rs12485051,2b
22,23657735,rs180812,2b
22,23657980,rs180816,2b
22,24817543,rs76425320,2b
22,24817763,rs11912762,2b
22,24823706,rs115781308,2b
22,24825511,rs2298383,2b
22,24830028,rs80159877,2b
22,24831253,rs10427623,2b
22,42527793,rs1080989,2b
22,42528538,rs58188898,2b
22,42530826,rs28579115,2b
22,43010817,rs28627172,2b
22,43013554,rs137121,2b
22,43013785,rs12483767,2b
22,43018623,rs743888,2b
22,43040747,rs78356298,2b
22,43040810,rs8190403,2b
22,43040839,rs5751319,2b
22,43040873,rs2284088,2b
22,43042130,rs6002854,2b
22,43042197,rs8190391,2b
22,43043238,rs8190385,2b
22,43044485,rs6002856,2b
22,43044572,rs60631826,2b
22,43044689,rs2859030,2b
22,43045695,rs28365957,2b
X,113845647,rs12558586,2b
X,133594021,rs6634990,2b
X,133595122,rs17882706,2b
X,153775785,rs111827785,2b
X,153776155,rs56262786,2b
X,153776347,rs111267224,2b
1,97972036,rs78534101,2c
1,98386721,rs72981743,2c
1,169482678,rs9332673,2c
1,169497926,rs9332624,2c
1,169513583,rs6037,2c
1,201083235,rs115077718,2c
1,226008736,rs74150521,2c
1,226012614,rs2854451,2c
2,29771694,rs75449397,2c
2,30124062,rs73922362,2c
2,234652701,rs115067532,2c
3,165496420,rs75056632,2c
4,2847578,rs16843451,2c
4,20733963,rs6811505,2c
4,89139309,rs4693936,2c
6,1204878,rs9502858,2c
6,1288398,rs77658244,2c
6,3906823,rs73721441,2c
6,39475514,rs115902232,2c
6,39523038,rs73732138,2c
6,84595921,rs1536149,2c
6,154568006,rs114430458,2c
6,154570795,rs116271994,2c
7,55134872,rs723527,2c
7,55146877,rs113410025,2c
7,140441491,rs6970893,2c
8,139669205,rs11986569,2c
8,139680085,rs28679592,2c
9,133588353,rs34222188,2c
10,96545632,rs113089853,2c
11,7698426,rs34799284,2c
11,17405442,rs11604345,2c
11,67356709,rs11603735,2c
11,67356789,rs12281959,2c
11,103218701,rs17100474,2c
11,120411510,rs58313956,2c
11,120411963,rs2253134,2c
11,120538153,rs73580417,2c
12,25394602,rs61761083,2c
13,47427344,rs633737,2c
13,95773523,rs74105434,2c
17,64297829,rs3764401,2c
17,64361337,rs80131023,2c
17,64581342,rs117631717,2c
17,64667514,rs73328240,2c
18,55878917,rs497254,2c
18,55879679,rs550451,2c
19,11224931,rs2738444,2c
19,16004482,rs3093132,2c
22,23605421,rs12485011,2c
1,11846252,rs4846048,3a
1,11848972,rs72640221,3a
1,11865664,rs45440899,3a
1,11865817,rs45594036,3a
1,11866183,rs13306560,3a
1,60374467,rs11572277,3a
1,78999367,rs686262,3a
1,79002589,rs12731181,3a
1,97609326,rs828053,3a
1,97625198,rs10875051,3a
1,97737348,rs553388,3a
1,97793775,rs10875069,3a
1,97843251,rs12756826,3a
1,97850045,rs6682855,3a
1,97954318,rs12074340,3a
1,97976668,rs10875095,3a
1,98016809,rs2786528,3a
1,98088937,rs11578795,3a
1,98146254,rs76408807,3a
1,98146259,rs116571796,3a
1,98263610,rs1931063,3a
1,98330354,rs7511709,3a
1,98336329,rs9661794,3a
1,98364770,rs59356371,3a
1,98379253,rs72981735,3a
1,98386955,rs61787828,3a
1,110230274,rs36208870,3a
1,155279211,rs77481240,3a
1,155286822,rs116415481,3a
1,161507243,rs332394,3a
1,169481223,rs6427196,3a
1,169498834,rs6009,3a
1,169498835,rs6008,3a
1,169515936,rs79186925,3a
1,169532633,rs4268401,3a
1,169534888,rs2040442,3a
1,169534966,rs2040443,3a
1,169535224,rs74124518,3a
1,169539133,rs7528914,3a
1,169541513,rs6019,3a
1,169554058,rs3753305,3a
1,179066374,rs74131923,3a
1,179098633,rs2486996,3a
1,179111060,rs2636276,3a
1,179121200,rs115175869,3a
1,179163205,rs60268764,3a
1,179163337,rs12069102,3a
1,179199652,rs2636266,3a
1,186639718,rs11567835,3a
1,186652952,rs2383515,3a
1,201041662,rs16847659,3a
1,201049436,rs942706,3a
1,201078049,rs112218324,3a
1,201079458,rs1325309,3a
1,201080549,rs60218820,3a
1,201080829,rs79574266,3a
1,202936693,rs12044820,3a
1,202937634,rs12758184,3a
1,225996222,rs57440270,3a
1,226012717,rs3753659,3a
1,226033645,rs3738050,3a
1,226033795,rs1054393,3a
2,29425873,rs10439519,3a
2,29435058,rs12999369,3a
2,29446721,rs4665447,3a
2,29448760,rs34935102,3a
2,29485806,rs11894467,3a
2,29490864,rs78616665,3a
2,29519073,rs62130616,3a
2,29574981,rs11127218,3a
2,29591338,rs78900982,3a
2,29613214,rs4666212,3a
2,29613363,rs56330877,3a
2,29668451,rs59955647,3a
2,29673787,rs59035516,3a
2,29703438,rs11680438,3a
2,29703442,rs11674712,3a
2,29703446,rs62129089,3a
2,29703447,rs114868731,3a
2,29703623,rs112501436,3a
2,29704357,rs4517934,3a
2,29704597,rs74482597,3a
2,29739845,rs72794491,3a
2,29740389,rs72794493,3a
2,29764775,rs4555305,3a
2,29784275,rs4544385,3a
2,29785475,rs4510174,3a
2,29801139,rs114597399,3a
2,29801149,rs55875045,3a
2,29833683,rs114972657,3a
2,29833685,rs73921125,3a
2,29837445,rs79407877,3a
2,29837523,rs72862836,3a
2,29837549,rs59161176,3a
2,29946535,rs2541195,3a
2,29946996,rs115235107,3a
2,29948227,rs114897382,3a
2,29980773,rs7582421,3a
2,29982417,rs6740225,3a
2,30064378,rs55757927,3a
2,30067140,rs62131022,3a
2,85768570,rs116670686,3a
2,85772548,rs7605975,3a
2,85773061,rs12473819,3a
2,128182658,rs2069923,3a
2,159827014,rs72953163,3a
2,159860395,rs74584069,3a
2,159912446,rs264662,3a
2,159926370,rs264654,3a
2,159945722,rs34163930,3a
2,159945742,rs34505588,3a
2,159967513,rs264586,3a
2,159976285,rs264592,3a
2,159986868,rs11692517,3a
2,159988288,rs34936031,3a
2,159988295,rs13005051,3a
2,159992056,rs62171095,3a
2,159994048,rs1421385,3a
2,159995470,rs11903958,3a
2,159996301,rs71423006,3a
2,160003672,rs62171100,3a
2,160011040,rs73002940,3a
2,160013989,rs72951462,3a
2,160040003,rs72951491,3a
2,160040052,rs2159877,3a
2,160053445,rs62172663,3a
2,166914465,rs16822821,3a
2,166923813,rs10208454,3a
2,166930854,rs73969787,3a
2,166941013,rs78001108,3a
2,166946883,rs11890251,3a
2,166948105,rs506158,3a
2,166968699,rs79987444,3a
2,166984395,rs75629463,3a
2,167004523,rs16851664,3a
2,211345026,rs62203675,3a
2,211403929,rs2544306,3a
2,211431074,rs13399140,3a
2,211449661,rs7576225,3a
2,216197702,rs10203444,3a
2,216197779,rs3821353,3a
2,216197876,rs73089311,3a
2,216203894,rs1568872,3a
2,234681544,rs1042640,3a
2,234684297,rs75026708,3a
3,14162513,rs113550284,3a
3,14167399,rs73142616,3a
3,14180552,rs2607767,3a
3,14186363,rs3731187,3a
3,14196770,rs73142649,3a
3,14211640,rs3731082,3a
3,14219408,rs77327593,3a
3,38691427,rs115996915,3a
3,38691861,rs9824678,3a
3,124467648,rs117624716,3a
3,151049864,rs16863319,3a
3,151065462,rs79085819,3a
3,151074814,rs56255408,3a
3,151085175,rs1388619,3a
3,151099874,rs16863350,3a
3,152552282,rs76467490,3a
3,165551084,rs4639017,3a
3,165551154,rs77764782,3a
3,165555125,rs1126680,3a
3,165557384,rs114542023,3a
4,2846799,rs1877723,3a
4,2850987,rs59798370,3a
4,2851252,rs16843459,3a
4,2854613,rs58968769,3a
4,2860081,rs1263361,3a
4,2868067,rs7655104,3a
4,2883303,rs34230908,3a
4,2912140,rs2051560,3a
4,20725403,rs61013057,3a
4,20791259,rs73802331,3a
4,20840299,rs10938809,3a
4,20861011,rs73242534,3a
4,20988954,rs78994499,3a
4,21079749,rs12510687,3a
4,21127783,rs4697206,3a
4,21137774,rs16870438,3a
4,21137783,rs1433486,3a
4,21137786,rs75113015,3a
4,21178489,rs73805043,3a
4,21205146,rs11724880,3a
4,21211653,rs118013165,3a
4,21243847,rs114566102,3a
4,21292268,rs112035244,3a
4,21389368,rs17522576,3a
4,21452250,rs1476279,3a
4,21471130,rs10033114,3a
4,21472458,rs13104819,3a
4,21478481,rs35255226,3a
4,21509194,rs11736408,3a
4,21537757,rs73801666,3a
4,21594923,rs16871514,3a
4,21594928,rs71607086,3a
4,21598349,rs2202312,3a
4,21598374,rs1394136,3a
4,21616443,rs17486399,3a
4,21658543,rs1824371,3a
4,21731441,rs1841180,3a
4,21765651,rs76552739,3a
4,21765751,rs10014212,3a
4,21767468,rs115498641,3a
4,21780545,rs61097419,3a
4,21780547,rs11732235,3a
4,21792157,rs114669578,3a
4,21804421,rs34825575,3a
4,21804443,rs9995230,3a
4,21808737,rs13108475,3a
4,21808835,rs28635318,3a
4,21837497,rs73804023,3a
4,21903583,rs115380828,3a
4,21903799,rs907789,3a
4,55544153,rs73135817,3a
4,55554359,rs79006613,3a
4,89023224,rs4693924,3a
4,89026109,rs2725264,3a
4,89026428,rs2725263,3a
4,89028478,rs2231148,3a
4,89028544,rs41282399,3a
4,89033409,rs2622623,3a
4,89043634,rs45499402,3a
4,89065017,rs28742177,3a
4,89116978,rs9993821,3a
4,89139275,rs4693935,3a
4,100255275,rs1229980,3a
4,100274157,rs4147541,3a
4,110842876,rs17041036,3a
4,110842884,rs2024114,3a
4,110866526,rs7661766,3a
4,110889007,rs11568972,3a
4,110894301,rs9991367,3a
4,110894522,rs78493741,3a
4,110894685,rs75104452,3a
5,7868543,rs326118,3a
5,7870083,rs326119,3a
5,74631139,rs3761738,3a
5,74633540,rs17238344,3a
5,74662852,rs115269763,3a
5,148206160,rs35913731,3a
5,179219990,rs80086381,3a
6,1197831,rs73715708,3a
6,1204895,rs164270,3a
6,1228065,rs12526976,3a
6,1228626,rs75335897,3a
6,1256092,rs930354,3a
6,1263789,rs13199230,3a
6,1268596,rs71550046,3a
6,2505877,rs79304941,3a
6,2505925,rs73354866,3a
6,2697610,rs7760687,3a
6,2708867,rs57967844,3a
6,2832078,rs316363,3a
6,2836815,rs116301182,3a
6,2843443,rs452801,3a
6,2843521,rs12214615,3a
6,2843593,rs383760,3a
6,2844344,rs424244,3a
6,3849449,rs111521258,3a
6,3851657,rs80204799,3a
6,3868043,rs2496386,3a
6,3876643,rs10428854,3a
6,3887765,rs9328204,3a
6,3896206,rs4959885,3a
6,3906504,rs114626518,3a
6,3913345,rs4959894,3a
6,3913800,rs4074616,3a
6,3915406,rs9503802,3a
6,3916713,rs9503806,3a
6,3916741,rs9503807,3a
6,3919714,rs4959896,3a
6,3925366,rs73345907,3a
6,3939084,rs75174227,3a
6,3940433,rs9503831,3a
6,3943739,rs4631335,3a
6,3978539,rs73347741,3a
6,4504274,rs78175330,3a
6,18142308,rs35237970,3a
6,18154895,rs2842943,3a
6,31233444,rs115131904,3a
6,31233448,rs117573397,3a
6,31233460,rs116472963,3a
6,31233810,rs115966574,3a
6,31234851,rs9264553,3a
6,31234855,rs9264554,3a
6,31234889,rs73730335,3a
6,31236035,rs115042889,3a
6,31238565,rs114343571,3a
6,32602040,rs115368651,3a
6,32602161,rs115711192,3a
6,32604410,rs9272350,3a
6,32604475,rs76812367,3a
6,32604485,rs9272354,3a
6,32604564,rs9272362,3a
6,32604585,rs9272363,3a
6,32604588,rs28619112,3a
6,32604621,rs9272365,3a
6,32604622,rs9272366,3a
6,32604625,rs9272367,3a
6,32604982,rs9272412,3a
6,32604987,rs9272413,3a
6,32605118,rs9272421,3a
6,32605207,rs3187964,3a
6,32605216,rs1047985,3a
6,32605761,rs9272477,3a
6,32605830,rs77660765,3a
6,32605972,rs9272485,3a
6,32605982,rs9272486,3a
6,32606002,rs9272487,3a
6,32606128,rs115978969,3a
6,32606133,rs9272495,3a
6,32606150,rs17612468,3a
6,32606217,rs9272498,3a
6,32606320,rs28383350,3a
6,32606367,rs9272510,3a
6,32606368,rs9272511,3a
6,32606369,rs9272512,3a
6,32606376,rs74801991,3a
6,32606464,rs28383351,3a
6,32607780,rs9272611,3a
6,32608090,rs28383404,3a
6,32608093,rs9272628,3a
6,32608096,rs9272629,3a
6,32608998,rs34763586,3a
6,32609673,rs9272737,3a
6,32609746,rs9272744,3a
6,32609952,rs707949,3a
6,32609969,rs707963,3a
6,32610553,rs3188642,3a
6,32610556,rs1130117,3a
6,32610557,rs28400568,3a
6,32610601,rs9272807,3a
6,35537065,rs74853132,3a
6,35574043,rs74709645,3a
6,35604107,rs1591365,3a
6,35607955,rs73748206,3a
6,35643420,rs73748220,3a
6,35643723,rs73748221,3a
6,35700433,rs9470085,3a
6,39394022,rs75497779,3a
6,39452169,rs79952080,3a
6,39458109,rs114186909,3a
6,39458202,rs73412733,3a
6,39461845,rs56303847,3a
6,39498554,rs13213488,3a
6,39570811,rs78480415,3a
6,39575866,rs4363024,3a
6,39632196,rs2480089,3a
6,39682755,rs35384942,3a
6,84624825,rs3778189,3a
6,154392689,rs73014284,3a
6,154461822,rs13193545,3a
6,154461901,rs115001646,3a
6,154487544,rs12527056,3a
6,154494001,rs9479776,3a
6,154551220,rs78922878,3a
6,154552207,rs9371781,3a
6,154572531,rs7745296,3a
6,160097791,rs1967802,3a
6,160098283,rs2758329,3a
6,160099857,rs77398930,3a
6,160110160,rs9456443,3a
6,160112669,rs2842959,3a
6,160149069,rs59250477,3a
6,160553165,rs3737088,3a
7,17337165,rs73680653,3a
7,17340157,rs713150,3a
7,17342436,rs13362820,3a
7,17344553,rs113494846,3a
7,17346952,rs79262512,3a
7,17348119,rs2237298,3a
7,30722496,rs6967702,3a
7,30733622,rs60299226,3a
7,55102337,rs74581689,3a
7,55113469,rs76946172,3a
7,55114721,rs75546857,3a
7,55133954,rs112031348,3a
7,55135627,rs77390854,3a
7,55135666,rs115629340,3a
7,55141476,rs4140770,3a
7,55141875,rs60403348,3a
7,55143320,rs17335940,3a
7,55154728,rs887826,3a
7,55158025,rs11981148,3a
7,55158031,rs11981175,3a
7,55160538,rs4947490,3a
7,55162305,rs917881,3a
7,55192963,rs12718945,3a
7,55198208,rs73696548,3a
7,55198347,rs62459767,3a
7,55220812,rs17336598,3a
7,55245647,rs9642393,3a
7,55246664,rs845554,3a
7,55254250,rs73696594,3a
7,55270968,rs116958628,3a
7,55272003,rs2692455,3a
7,55277387,rs940810,3a
7,65548725,rs6967430,3a
7,80403524,rs72612620,3a
7,80436799,rs73372929,3a
7,80462961,rs117851995,3a
7,80472646,rs77240572,3a
7,80476598,rs73372994,3a
7,80488179,rs10954379,3a
7,80509256,rs11979430,3a
7,80512536,rs11972268,3a
7,80513104,rs73141839,3a
7,80530506,rs115526315,3a
7,80542970,rs10954403,3a
7,80546626,rs73376611,3a
7,80546745,rs7793555,3a
7,87189805,rs113679151,3a
7,87194105,rs28381853,3a
7,87224683,rs28381816,3a
7,87224772,rs2188525,3a
7,87233602,rs4728709,3a
7,87237759,rs28381787,3a
7,87239329,rs4148731,3a
7,87335455,rs74994266,3a
7,87342011,rs28381718,3a
7,99277056,rs41300719,3a
7,99370493,rs2738258,3a
7,117117135,rs34009249,3a
7,117119262,rs34465975,3a
7,117195557,rs35987553,3a
7,117247443,rs7809485,3a
7,117313645,rs6943317,3a
7,128383586,rs56184882,3a
7,128396011,rs73236100,3a
7,128416524,rs7803604,3a
7,128416587,rs339038,3a
7,140449150,rs9648696,3a
7,140449834,rs10282499,3a
7,140567452,rs7798324,3a
7,140628763,rs10251628,3a
7,150641219,rs41310997,3a
7,150652419,rs876088,3a
7,150657201,rs12668582,3a
7,150667639,rs7792983,3a
7,150673271,rs41309002,3a
7,150674430,rs1036145,3a
8,18031537,rs1476434,3a
8,18031553,rs12676027,3a
8,18035546,rs7835928,3a
8,18054828,rs28383685,3a
8,18255784,rs62492997,3a
8,69304150,rs11995813,3a
8,69304153,rs2243693,3a
8,69306811,rs2676658,3a
8,69426004,rs7821782,3a
8,69522229,rs80229419,3a
8,69522617,rs80143421,3a
8,69610295,rs13254893,3a
8,69614429,rs74399920,3a
8,69670609,rs58399889,3a
8,69681038,rs114211803,3a
8,139613626,rs11166828,3a
8,139614267,rs76028584,3a
8,139617930,rs78799413,3a
8,139618050,rs4909809,3a
8,139637106,rs10100776,3a
8,139686539,rs74341163,3a
8,139686575,rs76020585,3a
8,139692985,rs4243903,3a
8,139778329,rs4736038,3a
8,139817088,rs13254348,3a
8,139873740,rs12547472,3a
8,139873874,rs11166850,3a
8,139882428,rs115945995,3a
8,139882460,rs62635348,3a
9,75514717,rs348482,3a
9,75530921,rs4744674,3a
9,75565006,rs4567103,3a
9,75566114,rs8187870,3a
9,86886072,rs77054054,3a
9,86892648,rs41282425,3a
9,86911462,rs114813193,3a
9,86920632,rs12685409,3a
9,86932693,rs72751189,3a
9,86958062,rs10119374,3a
9,86982904,rs7022691,3a
9,86982946,rs7039104,3a
9,125133728,rs10306117,3a
9,125135791,rs10306125,3a
9,125135928,rs4836883,3a
9,125139898,rs117597315,3a
9,133322177,rs12380009,3a
9,133328969,rs1653332,3a
9,133340853,rs115154705,3a
9,133608301,rs2791726,3a
9,133655164,rs35861896,3a
9,133690988,rs34358097,3a
9,133708873,rs2261468,3a
9,133720885,rs118126981,3a
10,45869713,rs4987106,3a
10,45898913,rs3780900,3a
10,45906573,rs4949001,3a
10,45915941,rs2099171,3a
10,45917481,rs113995695,3a
10,45918093,rs79814535,3a
10,45918380,rs11239526,3a
10,45941499,rs41314980,3a
10,96522365,rs4986894,3a
10,104913870,rs7067970,3a
10,104941112,rs35525740,3a
10,104951483,rs112226407,3a
10,114714725,rs2094406,3a
10,114714917,rs57255539,3a
10,114723986,rs114658928,3a
10,114746717,rs11819613,3a
10,114750157,rs11196182,3a
10,114756262,rs115232932,3a
10,114766717,rs7896811,3a
10,114796508,rs116591429,3a
10,114813041,rs4077527,3a
10,114813047,rs12718338,3a
10,114816798,rs116479397,3a
10,114830925,rs59168962,3a
10,114832155,rs12762568,3a
10,114833850,rs3750804,3a
10,114854162,rs35664071,3a
10,114887817,rs73360281,3a
10,114893682,rs10885417,3a
10,114913478,rs11595128,3a
10,135342315,rs1536828,3a
10,135345603,rs9919386,3a
10,135352013,rs2515642,3a
10,135352086,rs9629959,3a
11,7686302,rs77307833,3a
11,7687215,rs113239745,3a
11,7695244,rs12273578,3a
11,7697563,rs78124547,3a
11,17410283,rs5222,3a
11,67353579,rs1138272,3a
11,67355869,rs77757588,3a
11,102981300,rs2510094,3a
11,103072783,rs688189,3a
11,103128141,rs117042755,3a
11,103141451,rs1319722,3a
11,103151332,rs11225648,3a
11,103166442,rs3847573,3a
11,103166592,rs3847574,3a
11,103196734,rs11225716,3a
11,103202015,rs7933707,3a
11,103209984,rs313426,3a
11,103210115,rs10895399,3a
11,103239170,rs72981412,3a
11,103298376,rs2449119,3a
11,103321048,rs558069,3a
11,103321260,rs11225805,3a
11,103324020,rs10895431,3a
11,108337553,rs11212656,3a
11,113258762,rs111789052,3a
11,113270015,rs4938016,3a
11,113270374,rs2734848,3a
11,113307633,rs114749741,3a
11,113318880,rs80215768,3a
11,120387399,rs60854982,3a
11,120397019,rs76376676,3a
11,120397055,rs11217904,3a
11,120402020,rs2257198,3a
11,120403166,rs3889505,3a
11,120406694,rs11827023,3a
11,120410490,rs114864139,3a
11,120450574,rs11217919,3a
11,120483834,rs74578137,3a
11,120484872,rs1317813,3a
11,120493590,rs12271466,3a
11,120500690,rs114403179,3a
11,120505635,rs77775173,3a
11,120526558,rs115858321,3a
11,120533962,rs1320717,3a
11,120545337,rs78993289,3a
11,120545503,rs11217964,3a
11,120546027,rs10892601,3a
11,120552985,rs57012327,3a
11,120565473,rs74482798,3a
11,120567724,rs112320856,3a
11,120569866,rs61901363,3a
11,120579826,rs11217987,3a
11,120580038,rs12274300,3a
11,120583174,rs6589834,3a
11,120583983,rs11217989,3a
11,120597664,rs73012316,3a
11,120597694,rs74695567,3a
11,120614787,rs3133224,3a
11,120623624,rs111986245,3a
11,120627994,rs115929503,3a
11,120628012,rs3133864,3a
11,120670036,rs3020184,3a
11,120681043,rs11824263,3a
11,120702916,rs12283648,3a
11,120703415,rs11218018,3a
11,120703432,rs7945604,3a
11,120710210,rs28737445,3a
11,120711534,rs4421753,3a
11,120713183,rs7948126,3a
11,120773455,rs11218053,3a
11,120778096,rs76251641,3a
11,120780603,rs78538826,3a
11,120794028,rs115803758,3a
11,120800376,rs4936564,3a
11,120845912,rs7943490,3a
11,120851138,rs34203183,3a
11,120857073,rs11601810,3a
12,6954552,rs2301338,3a
12,6960893,rs2071058,3a
12,25360964,rs115968671,3a
12,25361074,rs7973623,3a
12,25361756,rs61763590,3a
12,25394647,rs61761082,3a
12,48235263,rs57740304,3a
12,48262073,rs12721370,3a
12,48264536,rs78419481,3a
12,48295181,rs57946627,3a
12,69753512,rs2249093,3a
13,47415162,rs73473870,3a
13,47429545,rs74745722,3a
13,47435106,rs2770292,3a
13,47439371,rs4941570,3a
13,47440419,rs9534502,3a
13,48628765,rs9595836,3a
13,95672858,rs9516520,3a
13,95691424,rs114980310,3a
13,95719794,rs4148535,3a
13,95752225,rs1729761,3a
13,95753095,rs116420740,3a
13,95802500,rs111305453,3a
13,95802651,rs115076831,3a
13,95817396,rs1038138,3a
13,95844126,rs17189390,3a
13,95860590,rs114357938,3a
13,95870741,rs58054459,3a
13,95873503,rs9590204,3a
13,95874956,rs1926657,3a
13,95879410,rs4773854,3a
13,95895533,rs4148451,3a
13,95898672,rs4148438,3a
13,95899643,rs2892716,3a
13,95899716,rs4148435,3a
13,95904259,rs8000333,3a
13,95905425,rs116432638,3a
13,95906872,rs4773861,3a
13,95913269,rs16950847,3a
13,95920664,rs9584289,3a
13,95924019,rs79966829,3a
13,95926131,rs9561825,3a
13,95926133,rs9561826,3a
15,89862341,rs2302084,3a
15,89867197,rs2307439,3a
16,55859314,rs28682569,3a
16,55868200,rs59441179,3a
16,55869722,rs28427876,3a
16,56995124,rs17237883,3a
16,56995234,rs1800776,3a
16,56995236,rs1800775,3a
16,57009987,rs117889484,3a
16,57015245,rs7198026,3a
16,57017002,rs9923854,3a
16,57018636,rs66495554,3a
16,57022352,rs12598522,3a
16,69741048,rs77049886,3a
16,69742048,rs12933210,3a
16,69743760,rs10517,3a
17,949783,rs751915,3a
17,952798,rs73287542,3a
17,954510,rs11653269,3a
17,954511,rs111799148,3a
17,954890,rs111237472,3a
17,964201,rs2257854,3a
17,976462,rs116996294,3a
17,985868,rs2165858,3a
17,994548,rs78469014,3a
17,4835342,rs3887887,3a
17,7570956,rs17883048,3a
17,7577427,rs12947788,3a
17,19581237,rs76182388,3a
17,19581281,rs111469559,3a
17,19590340,rs11653348,3a
17,19596963,rs2108970,3a
17,19597114,rs114628531,3a
17,19608100,rs116936141,3a
17,19619081,rs61135415,3a
17,19622986,rs58983099,3a
17,19624282,rs75423696,3a
17,28523121,rs8066731,3a
17,28527311,rs56148049,3a
17,28547335,rs11080122,3a
17,28563869,rs56087640,3a
17,28564170,rs25532,3a
17,37845101,rs75582814,3a
17,41195025,rs11659028,3a
17,42077835,rs111620916,3a
17,42084377,rs228772,3a
17,42088853,rs12889,3a
17,61551529,rs114628767,3a
17,61557200,rs4298,3a
17,61576732,rs58495134,3a
17,64321567,rs8071250,3a
17,64321828,rs35687884,3a
17,64334242,rs16959062,3a
17,64337713,rs112841894,3a
17,64341612,rs59259080,3a
17,64366029,rs115057391,3a
17,64370243,rs112231965,3a
17,64370970,rs9892086,3a
17,64371600,rs61282446,3a
17,64385403,rs73331479,3a
17,64393868,rs8080771,3a
17,64402891,rs7224927,3a
17,64404122,rs9890690,3a
17,64404155,rs77961694,3a
17,64410290,rs4533321,3a
17,64411414,rs16959227,3a
17,64413396,rs4502257,3a
17,64420273,rs16959240,3a
17,64428016,rs73333345,3a
17,64441518,rs79957867,3a
17,64445856,rs12451388,3a
17,64458209,rs9748031,3a
17,64459084,rs73996218,3a
17,64462207,rs73996223,3a
17,64462407,rs8072996,3a
17,64464372,rs73996224,3a
17,64491298,rs2248274,3a
17,64499348,rs56048603,3a
17,64504409,rs17698922,3a
17,64504505,rs61745369,3a
17,64513624,rs75878780,3a
17,64518433,rs9908953,3a
17,64535138,rs10512513,3a
17,64537717,rs74982696,3a
17,64546282,rs11869821,3a
17,64547423,rs60287363,3a
17,64567162,rs7219499,3a
17,64567343,rs16959678,3a
17,64609313,rs79647970,3a
17,64621732,rs9915274,3a
17,64649329,rs9911959,3a
17,64649529,rs8068431,3a
17,64649570,rs8068549,3a
17,64659177,rs12451508,3a
17,64661586,rs8075968,3a
17,64671476,rs11650604,3a
17,64681150,rs58436634,3a
17,64691449,rs116365783,3a
17,64706504,rs77735928,3a
17,64710488,rs78821503,3a
17,64724178,rs16960122,3a
17,64727100,rs62072410,3a
18,656904,rs66790221,3a
18,659149,rs4987089,3a
18,660647,rs28503425,3a
18,666302,rs113382317,3a
18,666507,rs2853543,3a
18,666533,rs36080427,3a
18,676331,rs2847619,3a
18,55715670,rs4528665,3a
18,55715681,rs73959440,3a
18,55719738,rs4542741,3a
18,55723630,rs4419136,3a
18,55732192,rs4941304,3a
18,55744748,rs78579279,3a
18,55756024,rs78638416,3a
18,55760901,rs17064328,3a
18,55761864,rs17064331,3a
18,55764879,rs8088201,3a
18,55777701,rs9965182,3a
18,55784302,rs57756257,3a
18,55791719,rs577837,3a
18,55792023,rs113542361,3a
18,55792326,rs112975411,3a
18,55805679,rs78547897,3a
18,55807849,rs12967665,3a
18,55810956,rs1031122,3a
18,55828001,rs12967110,3a
18,55834776,rs581326,3a
18,55847784,rs113641882,3a
18,55853481,rs8093734,3a
18,55862847,rs1008899,3a
18,55869724,rs77158811,3a
18,55878872,rs496477,3a
18,55896271,rs78641666,3a
18,55898325,rs79752655,3a
18,55926558,rs78712974,3a
18,55952545,rs7236193,3a
18,55953441,rs8092552,3a
18,55982363,rs8087044,3a
18,55987069,rs17064780,3a
18,55991828,rs72946450,3a
18,56004914,rs9962106,3a
18,56015922,rs10513913,3a
18,56063200,rs77412703,3a
19,11198683,rs17242739,3a
19,11204562,rs76058149,3a
19,11204627,rs17242367,3a
19,11214533,rs2569559,3a
19,11221457,rs12710260,3a
19,11224932,rs3826807,3a
19,11227466,rs7259278,3a
19,11241915,rs6413504,3a
19,11242307,rs2738464,3a
19,11243422,rs7254521,3a
19,11243445,rs5742911,3a
19,11243592,rs17249064,3a
19,11248426,rs8110515,3a
19,38925353,rs12972895,3a
19,38960307,rs76563952,3a
19,38979891,rs35021937,3a
19,38983180,rs35364374,3a
19,39006269,rs59591700,3a
19,39006280,rs78100904,3a
19,39035270,rs3786830,3a
19,39743264,rs73541958,3a
19,41349774,rs5031016,3a
19,41354496,rs8192726,3a
19,41497601,rs116548898,3a
19,41522715,rs3211371,3a
19,41522870,rs28399502,3a
19,41538059,rs10409585,3a
19,44084672,rs11671498,3a
19,45408628,rs769446,3a
19,45413366,rs1081106,3a
19,45909073,rs11882644,3a
19,45912750,rs118178942,3a
19,45922772,rs3212960,3a
19,45927860,rs3212927,3a
20,3199661,rs6037505,3a
20,48125618,rs16994651,3a
20,48167791,rs117010747,3a
20,48168921,rs8115597,3a
20,48169018,rs114772864,3a
20,48172769,rs78161394,3a
21,37503046,rs71330647,3a
21,37514155,rs9305578,3a
21,46931766,rs78037609,3a
21,46950168,rs28627372,3a
21,46952926,rs7510226,3a
21,46952927,rs7509663,3a
21,46961835,rs112870937,3a
22,19863593,rs16984299,3a
22,19869210,rs34820460,3a
22,19874546,rs73383845,3a
22,19874756,rs34468574,3a
22,19877753,rs116474580,3a
22,19879637,rs3804047,3a
22,19901206,rs73880008,3a
22,19920359,rs9606186,3a
22,19920437,rs113571049,3a
22,19920646,rs5746846,3a
22,19925414,rs2078748,3a
22,19928582,rs45551837,3a
22,19928946,rs45559342,3a
22,19929027,rs13306278,3a
22,19929551,rs3788319,3a
22,19939432,rs174690,3a
22,19940643,rs11704299,3a
22,19941490,rs28621910,3a
22,19941507,rs3087869,3a
22,19947942,rs16982844,3a
22,19961007,rs12169508,3a
22,19961010,rs2240714,3a
22,19961433,rs75281572,3a
22,19962097,rs77339399,3a
22,23522804,rs112064774,3a
22,23530168,rs2267009,3a
22,23535750,rs12169816,3a
22,23556236,rs78695540,3a
22,23556336,rs113326795,3a
22,23565752,rs5996501,3a
22,23584163,rs6003582,3a
22,23584430,rs5759658,3a
22,23584441,rs80233084,3a
22,23590085,rs76092802,3a
22,23590088,rs12484302,3a
22,23624247,rs112291011,3a
22,23626081,rs8139664,3a
22,23632621,rs9608101,3a
22,23648819,rs131692,3a
22,23658006,rs1042660,3a
22,24829830,rs115169069,3a
22,43021141,rs137130,3a
X,113845578,rs2041674,3a
X,113928115,rs5987801,3a
X,114009390,rs5988130,3a
X,133616568,rs73557320,3a
X,153775343,rs3021074,3a
1,97949375,rs4495745,3b
1,98247941,rs17117167,3b
1,161517994,rs57581214,3b
2,29841073,rs72862851,3b
3,165493819,rs2668208,3b
4,20733958,rs76339875,3b
4,21007483,rs111878672,3b
4,100277114,rs283408,3b
6,1185475,rs238428,3b
6,1227568,rs761338,3b
6,1265560,rs75567937,3b
6,3894038,rs7759751,3b
6,32606773,rs9272536,3b
6,32606779,rs28383358,3b
8,69613520,rs13255506,3b
12,25401876,rs61759623,3b
13,95781480,rs57794618,3b
17,64581753,rs11079661,3b
18,55756457,rs111570420,3b
